{
    "Agent": {
        "total": 1.3559703770224587
    },
    "Env": {
        "apply_act": 0.2959023118019104,
        "observation_computation": 0.24131441116333008,
        "powerflow_computation": 0.13424192368984222,
        "total": 0.6714586615562439
    },
    "total": 2.1814715700020315
}