{
    "Agent": {
        "total": 0.027520809999259654
    },
    "Env": {
        "apply_act": 0.18682941794395447,
        "observation_computation": 0.24962474405765533,
        "powerflow_computation": 0.11030230671167374,
        "total": 0.5467564463615417
    },
    "total": 0.7345188020008209
}