{
    "Agent": {
        "total": 0.033521434910653625
    },
    "Env": {
        "apply_act": 0.19303759932518005,
        "observation_computation": 0.15771660208702087,
        "powerflow_computation": 0.08635126054286957,
        "total": 0.4371054470539093
    },
    "total": 0.5699066249944735
}