{
    "Agent": {
        "total": 0.028527150978334248
    },
    "Env": {
        "apply_act": 0.2641476094722748,
        "observation_computation": 0.33779633045196533,
        "powerflow_computation": 0.1537991166114807,
        "total": 0.7557430267333984
    },
    "total": 1.000453878999906
}