{
    "Agent": {
        "total": 0.06601924899587175
    },
    "Env": {
        "apply_act": 0.12346959859132767,
        "observation_computation": 0.1594509780406952,
        "powerflow_computation": 0.07336229085922241,
        "total": 0.3562828600406647
    },
    "total": 0.5233790149977722
}