{
    "Agent": {
        "total": 0.09875667700180202
    },
    "Env": {
        "apply_act": 0.14207106828689575,
        "observation_computation": 0.17923425137996674,
        "powerflow_computation": 0.08313474804162979,
        "total": 0.4044400453567505
    },
    "total": 0.618650690999857
}