{
    "Agent": {
        "total": 0.074730021013238
    },
    "Env": {
        "apply_act": 0.1762612760066986,
        "observation_computation": 0.1519593596458435,
        "powerflow_computation": 0.08296219259500504,
        "total": 0.41118282079696655
    },
    "total": 0.5825109149955097
}