{
    "Agent": {
        "total": 0.036524203955195844
    },
    "Env": {
        "apply_act": 0.4318631589412689,
        "observation_computation": 0.38440144062042236,
        "powerflow_computation": 0.20377151668071747,
        "total": 1.0200361013412476
    },
    "total": 1.2933380149988807
}