{
    "Agent": {
        "total": 0.040706962055992335
    },
    "Env": {
        "apply_act": 0.28600555658340454,
        "observation_computation": 0.245464488863945,
        "powerflow_computation": 0.1343136578798294,
        "total": 0.665783703327179
    },
    "total": 0.8625355019976269
}