{
    "Agent": {
        "total": 0.05254859097840381
    },
    "Env": {
        "apply_act": 0.3669498860836029,
        "observation_computation": 0.4793684482574463,
        "powerflow_computation": 0.2161182463169098,
        "total": 1.062436580657959
    },
    "total": 1.4188548839993018
}