{
    "Agent": {
        "total": 0.033920706977369264
    },
    "Env": {
        "apply_act": 0.18651114404201508,
        "observation_computation": 0.1526336669921875,
        "powerflow_computation": 0.08392409235239029,
        "total": 0.42306891083717346
    },
    "total": 0.5524986899981741
}