{
    "Agent": {
        "total": 0.21628215894452296
    },
    "Env": {
        "apply_act": 0.15253771841526031,
        "observation_computation": 0.1284492462873459,
        "powerflow_computation": 0.07071308046579361,
        "total": 0.3517000675201416
    },
    "total": 0.6503970780031523
}