{
    "Agent": {
        "total": 0.041374862907105125
    },
    "Env": {
        "apply_act": 0.23158064484596252,
        "observation_computation": 0.19687582552433014,
        "powerflow_computation": 0.10656123608350754,
        "total": 0.535017728805542
    },
    "total": 1.246298868994927
}