{
    "Agent": {
        "total": 0.02065564900476602
    },
    "Env": {
        "apply_act": 0.19920848309993744,
        "observation_computation": 0.2491399645805359,
        "powerflow_computation": 0.1147659495472908,
        "total": 0.5631144046783447
    },
    "total": 0.7433460550000746
}