{
    "Agent": {
        "total": 0.46816722388757626
    },
    "Env": {
        "apply_act": 0.6631825566291809,
        "observation_computation": 0.8676446080207825,
        "powerflow_computation": 0.3885685205459595,
        "total": 1.9193956851959229
    },
    "total": 2.935911271997611
}