{
    "Agent": {
        "total": 0.025252488992919098
    },
    "Env": {
        "apply_act": 0.24391977488994598,
        "observation_computation": 0.3038542568683624,
        "powerflow_computation": 0.13956905901432037,
        "total": 0.6873431205749512
    },
    "total": 0.9070321910003258
}