{
    "Agent": {
        "total": 0.027573866995226126
    },
    "Env": {
        "apply_act": 0.17943784594535828,
        "observation_computation": 0.15488719940185547,
        "powerflow_computation": 0.08385656028985977,
        "total": 0.4181815981864929
    },
    "total": 0.5432872250021319
}