{
    "Agent": {
        "total": 1.2896664010058885
    },
    "Env": {
        "apply_act": 0.6263439655303955,
        "observation_computation": 0.7756748199462891,
        "powerflow_computation": 0.36167269945144653,
        "total": 1.7636914253234863
    },
    "total": 3.5455677210011345
}