{
    "Agent": {
        "total": 0.023563856040709652
    },
    "Env": {
        "apply_act": 0.0820651575922966,
        "observation_computation": 0.06974264234304428,
        "powerflow_computation": 0.03844285383820534,
        "total": 0.19025066494941711
    },
    "total": 0.2583492630001274
}