{
    "Agent": {
        "total": 0.011606020025283215
    },
    "Env": {
        "apply_act": 0.10569716989994049,
        "observation_computation": 0.13538657128810883,
        "powerflow_computation": 0.06247540935873985,
        "total": 0.30355915427207947
    },
    "total": 0.40114128200002597
}