{
    "Agent": {
        "total": 0.11444935300096404
    },
    "Env": {
        "apply_act": 0.0511312335729599,
        "observation_computation": 0.043425630778074265,
        "powerflow_computation": 0.023550545796751976,
        "total": 0.11810740828514099
    },
    "total": 0.2598075629939558
}