{
    "Agent": {
        "total": 0.06188854799620458
    },
    "Env": {
        "apply_act": 0.12458913028240204,
        "observation_computation": 0.15847992897033691,
        "powerflow_computation": 0.07280395179986954,
        "total": 0.3558730185031891
    },
    "total": 0.5184292150006513
}