{
    "Agent": {
        "total": 0.7644799689951469
    },
    "Env": {
        "apply_act": 0.16313457489013672,
        "observation_computation": 0.13207314908504486,
        "powerflow_computation": 0.07408728450536728,
        "total": 0.36929500102996826
    },
    "total": 1.2179432670018286
}