{
    "Agent": {
        "total": 0.4204219140956411
    },
    "Env": {
        "apply_act": 0.24687089025974274,
        "observation_computation": 0.20697860419750214,
        "powerflow_computation": 0.5855592489242554,
        "total": 1.0394086837768555
    },
    "total": 1.5935591799934627
}