{
    "Agent": {
        "total": 0.029184421015088446
    },
    "Env": {
        "apply_act": 0.2811402976512909,
        "observation_computation": 0.23927320539951324,
        "powerflow_computation": 0.1360347867012024,
        "total": 0.6564483046531677
    },
    "total": 0.8371916719988803
}