{
    "Agent": {
        "total": 0.029449048995957128
    },
    "Env": {
        "apply_act": 0.19816944003105164,
        "observation_computation": 0.256928950548172,
        "powerflow_computation": 0.11754615604877472,
        "total": 0.5726445913314819
    },
    "total": 0.7661720039995998
}