{
    "Agent": {
        "total": 0.14466599901788868
    },
    "Env": {
        "apply_act": 0.42144161462783813,
        "observation_computation": 0.549983024597168,
        "powerflow_computation": 0.24229688942432404,
        "total": 1.213721513748169
    },
    "total": 1.707352222998452
}