{
    "Agent": {
        "total": 0.06744866394728888
    },
    "Env": {
        "apply_act": 0.13941217958927155,
        "observation_computation": 0.11699152737855911,
        "powerflow_computation": 0.06435826420783997,
        "total": 0.3207619786262512
    },
    "total": 0.463744704000419
}