{
    "Agent": {
        "total": 0.7355469980466296
    },
    "Env": {
        "apply_act": 0.18618802726268768,
        "observation_computation": 0.15344442427158356,
        "powerflow_computation": 0.08470682054758072,
        "total": 0.42433929443359375
    },
    "total": 1.2613572970003588
}