{
    "Agent": {
        "total": 0.055787310979212634
    },
    "Env": {
        "apply_act": 0.4066961109638214,
        "observation_computation": 0.5259230732917786,
        "powerflow_computation": 0.23634104430675507,
        "total": 1.1689602136611938
    },
    "total": 1.5601321329995699
}