{
    "Agent": {
        "total": 0.038244995193963405
    },
    "Env": {
        "apply_act": 0.43425771594047546,
        "observation_computation": 0.3676788806915283,
        "powerflow_computation": 0.20740224421024323,
        "total": 1.0093388557434082
    },
    "total": 1.2792320090011344
}