{
    "Agent": {
        "total": 0.11501305097044678
    },
    "Env": {
        "apply_act": 0.2964135706424713,
        "observation_computation": 0.382348895072937,
        "powerflow_computation": 0.17572273313999176,
        "total": 0.8544852137565613
    },
    "total": 1.2156636769996112
}