{
    "Agent": {
        "total": 0.0812180899993109
    },
    "Env": {
        "apply_act": 0.21299979090690613,
        "observation_computation": 0.27044445276260376,
        "powerflow_computation": 0.12293068319559097,
        "total": 0.6063749194145203
    },
    "total": 0.8590479019985651
}