{
    "Agent": {
        "total": 0.20819866901911155
    },
    "Env": {
        "apply_act": 0.12717477977275848,
        "observation_computation": 0.15627197921276093,
        "powerflow_computation": 0.07363554835319519,
        "total": 0.3570823073387146
    },
    "total": 0.6650101159993937
}