{
    "Agent": {
        "total": 0.0672314850071416
    },
    "Env": {
        "apply_act": 0.19151216745376587,
        "observation_computation": 0.24233533442020416,
        "powerflow_computation": 0.11346989125013351,
        "total": 0.547317385673523
    },
    "total": 0.7695855069996469
}