{
    "Agent": {
        "total": 0.19567761000143946
    },
    "Env": {
        "apply_act": 0.3324245810508728,
        "observation_computation": 0.4221084415912628,
        "powerflow_computation": 0.18862389028072357,
        "total": 0.9431569576263428
    },
    "total": 1.4105595260007249
}