{
    "Agent": {
        "total": 0.3941348549997201
    },
    "Env": {
        "apply_act": 0.15378917753696442,
        "observation_computation": 0.12855690717697144,
        "powerflow_computation": 0.07058338820934296,
        "total": 0.3529294729232788
    },
    "total": 0.829826912995486
}