{
    "Agent": {
        "total": 0.023620740003025276
    },
    "Env": {
        "apply_act": 0.2036178559064865,
        "observation_computation": 0.2537309527397156,
        "powerflow_computation": 0.11529849469661713,
        "total": 0.5726473331451416
    },
    "total": 0.7592747220005549
}