{
    "Agent": {
        "total": 0.029376902035437524
    },
    "Env": {
        "apply_act": 0.16728687286376953,
        "observation_computation": 0.1467297226190567,
        "powerflow_computation": 0.07759871333837509,
        "total": 0.3916153311729431
    },
    "total": 0.5099365799978841
}