{
    "Agent": {
        "total": 0.3290641459716426
    },
    "Env": {
        "apply_act": 0.1363353580236435,
        "observation_computation": 0.1639341413974762,
        "powerflow_computation": 0.07570837438106537,
        "total": 0.37597787380218506
    },
    "total": 0.8081234020028205
}