{
    "Agent": {
        "total": 0.40444901500268315
    },
    "Env": {
        "apply_act": 0.26864543557167053,
        "observation_computation": 0.3346797227859497,
        "powerflow_computation": 0.15522760152816772,
        "total": 0.7585527896881104
    },
    "total": 1.3790512430005037
}