{
    "Agent": {
        "total": 0.01774145599483745
    },
    "Env": {
        "apply_act": 0.16462209820747375,
        "observation_computation": 0.20931214094161987,
        "powerflow_computation": 0.09621535986661911,
        "total": 0.47014960646629333
    },
    "total": 0.6223401369989006
}