{
    "Agent": {
        "total": 0.32934864400158403
    },
    "Env": {
        "apply_act": 0.40320515632629395,
        "observation_computation": 0.5234003067016602,
        "powerflow_computation": 0.24007169902324677,
        "total": 1.1666772365570068
    },
    "total": 1.827302210000198
}