{
    "Agent": {
        "total": 0.03179917803208809
    },
    "Env": {
        "apply_act": 0.1423194259405136,
        "observation_computation": 0.12061804533004761,
        "powerflow_computation": 0.0654456615447998,
        "total": 0.3283831477165222
    },
    "total": 0.4365098339985707
}