{
    "Agent": {
        "total": 0.02127028508402873
    },
    "Env": {
        "apply_act": 0.14287269115447998,
        "observation_computation": 0.12479763478040695,
        "powerflow_computation": 0.06690271943807602,
        "total": 0.33457306027412415
    },
    "total": 0.4330858589964919
}