{
    "Agent": {
        "total": 0.02418712812504964
    },
    "Env": {
        "apply_act": 0.1792730987071991,
        "observation_computation": 0.1555989533662796,
        "powerflow_computation": 0.08372507244348526,
        "total": 0.41859710216522217
    },
    "total": 0.5407701229996746
}