{
    "Agent": {
        "total": 0.017265531980228843
    },
    "Env": {
        "apply_act": 0.09857741743326187,
        "observation_computation": 0.12834784388542175,
        "powerflow_computation": 0.05824092775583267,
        "total": 0.2851662039756775
    },
    "total": 0.38463747300011164
}