{
    "Agent": {
        "total": 0.019435060004980187
    },
    "Env": {
        "apply_act": 0.1257351189851761,
        "observation_computation": 0.16228073835372925,
        "powerflow_computation": 0.07477165013551712,
        "total": 0.36278751492500305
    },
    "total": 0.48649531999944884
}