{
    "Agent": {
        "total": 0.030804574038484134
    },
    "Env": {
        "apply_act": 0.14824269711971283,
        "observation_computation": 0.12415240705013275,
        "powerflow_computation": 0.06981951743364334,
        "total": 0.3422146439552307
    },
    "total": 0.4515838520019315
}