{
    "Agent": {
        "total": 0.03448774799471721
    },
    "Env": {
        "apply_act": 0.27575865387916565,
        "observation_computation": 0.23672276735305786,
        "powerflow_computation": 0.12943193316459656,
        "total": 0.6419133543968201
    },
    "total": 0.8269733230044949
}