{
    "Agent": {
        "total": 0.020548238999253954
    },
    "Env": {
        "apply_act": 0.12322481721639633,
        "observation_computation": 0.15856024622917175,
        "powerflow_computation": 0.07329332083463669,
        "total": 0.35507839918136597
    },
    "total": 0.47754121999969357
}