{
    "Agent": {
        "total": 0.18998790696423384
    },
    "Env": {
        "apply_act": 0.4953402280807495,
        "observation_computation": 0.6465381979942322,
        "powerflow_computation": 0.2900677025318146,
        "total": 1.431946039199829
    },
    "total": 2.032594350999716
}