{
    "Agent": {
        "total": 0.01783262901699345
    },
    "Env": {
        "apply_act": 0.12483814358711243,
        "observation_computation": 0.16229845583438873,
        "powerflow_computation": 0.07381924986839294,
        "total": 0.3609558343887329
    },
    "total": 0.48274887399929867
}