{
    "Agent": {
        "total": 0.14476510607892124
    },
    "Env": {
        "apply_act": 1.2495629787445068,
        "observation_computation": 1.6638346910476685,
        "powerflow_computation": 0.7415513396263123,
        "total": 3.654949188232422
    },
    "total": 5.163519624000401
}