{
    "Agent": {
        "total": 0.04323732505872613
    },
    "Env": {
        "apply_act": 0.19552041590213776,
        "observation_computation": 0.16538293659687042,
        "powerflow_computation": 0.09220536798238754,
        "total": 0.4531087279319763
    },
    "total": 0.5998438889946556
}