{
    "Agent": {
        "total": 0.0692960091328132
    },
    "Env": {
        "apply_act": 0.1707562804222107,
        "observation_computation": 0.14662328362464905,
        "powerflow_computation": 0.0797727182507515,
        "total": 0.39715227484703064
    },
    "total": 0.5611098400040646
}