{
    "Agent": {
        "total": 0.10810251897783019
    },
    "Env": {
        "apply_act": 0.17184826731681824,
        "observation_computation": 0.1459946185350418,
        "powerflow_computation": 0.07888374477624893,
        "total": 0.3967266082763672
    },
    "total": 0.5978125610054121
}