{
    "Agent": {
        "total": 0.09890443298354512
    },
    "Env": {
        "apply_act": 0.05062678083777428,
        "observation_computation": 0.042054902762174606,
        "powerflow_computation": 0.02337942086160183,
        "total": 0.11606110632419586
    },
    "total": 0.24135523199947784
}