{
    "Agent": {
        "total": 0.0627807369819493
    },
    "Env": {
        "apply_act": 0.3410157263278961,
        "observation_computation": 0.28958988189697266,
        "powerflow_computation": 0.1584347039461136,
        "total": 0.7890403270721436
    },
    "total": 1.0365098269976443
}