{
    "Agent": {
        "total": 0.058427568976185285
    },
    "Env": {
        "apply_act": 0.3468659222126007,
        "observation_computation": 0.29163700342178345,
        "powerflow_computation": 0.16090889275074005,
        "total": 0.7994118332862854
    },
    "total": 1.0436410950060235
}