{
    "Agent": {
        "total": 0.010560138995060697
    },
    "Env": {
        "apply_act": 0.09374985843896866,
        "observation_computation": 0.12369527667760849,
        "powerflow_computation": 0.05564790591597557,
        "total": 0.273093044757843
    },
    "total": 0.3607666230000177
}