{
    "Agent": {
        "total": 1.5063849730104266
    },
    "Env": {
        "apply_act": 0.6227426528930664,
        "observation_computation": 0.7446200251579285,
        "powerflow_computation": 0.34713494777679443,
        "total": 1.7144975662231445
    },
    "total": 3.6902238309994573
}