{
    "Agent": {
        "total": 0.7611729919717618
    },
    "Env": {
        "apply_act": 0.3542082607746124,
        "observation_computation": 0.43151307106018066,
        "powerflow_computation": 0.19946442544460297,
        "total": 0.9851857423782349
    },
    "total": 2.0183562849997543
}