{
    "Agent": {
        "total": 0.010590660989691969
    },
    "Env": {
        "apply_act": 0.09445565938949585,
        "observation_computation": 0.1211412250995636,
        "powerflow_computation": 0.055927760899066925,
        "total": 0.2715246379375458
    },
    "total": 0.35934049199931906
}