{
    "Agent": {
        "total": 0.6802487080785795
    },
    "Env": {
        "apply_act": 0.15207882225513458,
        "observation_computation": 0.129839226603508,
        "powerflow_computation": 0.07055921852588654,
        "total": 0.3524772524833679
    },
    "total": 1.1146006590061006
}