{
    "Agent": {
        "total": 0.11734574903130124
    },
    "Env": {
        "apply_act": 0.2637050449848175,
        "observation_computation": 0.3289191722869873,
        "powerflow_computation": 0.15312163531780243,
        "total": 0.745745837688446
    },
    "total": 1.0730583200002002
}