{
    "Agent": {
        "total": 0.07472006894749939
    },
    "Env": {
        "apply_act": 0.18927104771137238,
        "observation_computation": 0.24726295471191406,
        "powerflow_computation": 0.11338932812213898,
        "total": 0.549923300743103
    },
    "total": 0.7817690320007387
}