{
    "Agent": {
        "total": 0.03319347696378827
    },
    "Env": {
        "apply_act": 0.18283946812152863,
        "observation_computation": 0.15039359033107758,
        "powerflow_computation": 0.08257322758436203,
        "total": 0.41580629348754883
    },
    "total": 0.543274110998027
}