{
    "Agent": {
        "total": 0.09173142106010346
    },
    "Env": {
        "apply_act": 0.17252013087272644,
        "observation_computation": 0.14765337109565735,
        "powerflow_computation": 0.07974796742200851,
        "total": 0.3999214768409729
    },
    "total": 0.5861650819933857
}