{
    "Agent": {
        "total": 0.19912281099095708
    },
    "Env": {
        "apply_act": 0.5984408855438232,
        "observation_computation": 1.3412295579910278,
        "powerflow_computation": 0.36050209403038025,
        "total": 2.3001725673675537
    },
    "total": 3.0009011539987114
}