{
    "Agent": {
        "total": 0.6875692020021233
    },
    "Env": {
        "apply_act": 0.42504844069480896,
        "observation_computation": 0.5223290324211121,
        "powerflow_computation": 0.244624525308609,
        "total": 1.1920020580291748
    },
    "total": 2.7037978549997206
}