{
    "Agent": {
        "total": 1.3779189708984632
    },
    "Env": {
        "apply_act": 1.0943920612335205,
        "observation_computation": 1.4260843992233276,
        "powerflow_computation": 0.6476548910140991,
        "total": 3.1681313514709473
    },
    "total": 5.444818755000597
}