{
    "Agent": {
        "total": 0.0203447400162986
    },
    "Env": {
        "apply_act": 0.12137998640537262,
        "observation_computation": 0.15682575106620789,
        "powerflow_computation": 0.07199518382549286,
        "total": 0.35020092129707336
    },
    "total": 0.47131536999950185
}