{
    "Agent": {
        "total": 0.3758007340366021
    },
    "Env": {
        "apply_act": 0.4017956852912903,
        "observation_computation": 0.5326393842697144,
        "powerflow_computation": 0.23849710822105408,
        "total": 1.1729321479797363
    },
    "total": 1.8838605210003152
}