{
    "Agent": {
        "total": 0.014068191008846043
    },
    "Env": {
        "apply_act": 0.12781761586666107,
        "observation_computation": 0.17328356206417084,
        "powerflow_computation": 0.07595585286617279,
        "total": 0.3770570158958435
    },
    "total": 0.4964156189998903
}