{
    "Agent": {
        "total": 0.017827332019805908
    },
    "Env": {
        "apply_act": 0.1550184190273285,
        "observation_computation": 0.1321893185377121,
        "powerflow_computation": 0.0722184032201767,
        "total": 0.3594261407852173
    },
    "total": 0.46087569699739106
}