{
    "Agent": {
        "total": 0.03917575200466672
    },
    "Env": {
        "apply_act": 0.1791968196630478,
        "observation_computation": 0.15462779998779297,
        "powerflow_computation": 0.0836595669388771,
        "total": 0.41748419404029846
    },
    "total": 0.5531030970014399
}