{
    "Agent": {
        "total": 0.13513451002290822
    },
    "Env": {
        "apply_act": 0.30955415964126587,
        "observation_computation": 0.4088488519191742,
        "powerflow_computation": 0.18314692378044128,
        "total": 0.9015499353408813
    },
    "total": 1.2926160169990908
}