{
    "Agent": {
        "total": 0.036035737954080105
    },
    "Env": {
        "apply_act": 0.25490283966064453,
        "observation_computation": 0.3209551274776459,
        "powerflow_computation": 0.149109348654747,
        "total": 0.724967360496521
    },
    "total": 0.9676765200001682
}