{
    "Agent": {
        "total": 0.15342188602699025
    },
    "Env": {
        "apply_act": 0.20687304437160492,
        "observation_computation": 0.2670876085758209,
        "powerflow_computation": 0.1217474564909935,
        "total": 0.5957081317901611
    },
    "total": 0.9188703439995152
}