{
    "Agent": {
        "total": 0.06547574402065948
    },
    "Env": {
        "apply_act": 0.588346540927887,
        "observation_computation": 1.304632544517517,
        "powerflow_computation": 0.3530716896057129,
        "total": 2.2460508346557617
    },
    "total": 2.8078616689999762
}