{
    "Agent": {
        "total": 0.019211019010981545
    },
    "Env": {
        "apply_act": 0.12489406764507294,
        "observation_computation": 0.1620536595582962,
        "powerflow_computation": 0.07380416989326477,
        "total": 0.3607518970966339
    },
    "total": 0.4835603900010028
}