{
    "Agent": {
        "total": 0.08892000100240693
    },
    "Env": {
        "apply_act": 0.2648618519306183,
        "observation_computation": 0.3502458930015564,
        "powerflow_computation": 0.157210111618042,
        "total": 0.7723178863525391
    },
    "total": 1.0787205199994787
}