{
    "Agent": {
        "total": 0.014730459985003108
    },
    "Env": {
        "apply_act": 0.12640438973903656,
        "observation_computation": 0.1576031893491745,
        "powerflow_computation": 0.07227209955453873,
        "total": 0.3562796711921692
    },
    "total": 0.47183132999998634
}