{
    "Agent": {
        "total": 0.12217050796971307
    },
    "Env": {
        "apply_act": 0.19627617299556732,
        "observation_computation": 0.25773847103118896,
        "powerflow_computation": 0.11572420597076416,
        "total": 0.5697388648986816
    },
    "total": 0.8549171820013726
}