{
    "Agent": {
        "total": 0.9328442170517519
    },
    "Env": {
        "apply_act": 0.3826547861099243,
        "observation_computation": 0.49072933197021484,
        "powerflow_computation": 0.22321410477161407,
        "total": 1.0965981483459473
    },
    "total": 2.3381497880000097
}