{
    "Agent": {
        "total": 0.05038181700365385
    },
    "Env": {
        "apply_act": 0.28239187598228455,
        "observation_computation": 0.24210894107818604,
        "powerflow_computation": 0.1304093450307846,
        "total": 0.654910147190094
    },
    "total": 0.85723846500332
}