{
    "Agent": {
        "total": 0.04281903504306683
    },
    "Env": {
        "apply_act": 0.1855188012123108,
        "observation_computation": 0.15669816732406616,
        "powerflow_computation": 0.08564943820238113,
        "total": 0.4278663992881775
    },
    "total": 0.569473283001571
}