{
    "Agent": {
        "total": 0.07647838806224172
    },
    "Env": {
        "apply_act": 0.7198481559753418,
        "observation_computation": 0.9415367245674133,
        "powerflow_computation": 0.41789042949676514,
        "total": 2.079275369644165
    },
    "total": 2.7599427400000422
}