{
    "Agent": {
        "total": 0.03611432901379885
    },
    "Env": {
        "apply_act": 0.26069366931915283,
        "observation_computation": 0.34693071246147156,
        "powerflow_computation": 0.15453393757343292,
        "total": 0.7621582746505737
    },
    "total": 1.0157971190001263
}