{
    "Agent": {
        "total": 0.09639113798039034
    },
    "Env": {
        "apply_act": 0.7321251630783081,
        "observation_computation": 0.9483029246330261,
        "powerflow_computation": 0.42677584290504456,
        "total": 2.107203960418701
    },
    "total": 2.8031031000009534
}