{
    "Agent": {
        "total": 0.10305909500493726
    },
    "Env": {
        "apply_act": 0.12762030959129333,
        "observation_computation": 0.16283459961414337,
        "powerflow_computation": 0.075495146214962,
        "total": 0.3659500479698181
    },
    "total": 0.5740146890002507
}