{
    "Agent": {
        "total": 0.13528443799805245
    },
    "Env": {
        "apply_act": 0.10368393361568451,
        "observation_computation": 0.12906497716903687,
        "powerflow_computation": 0.06039239466190338,
        "total": 0.29314130544662476
    },
    "total": 0.5114173349993507
}