{
    "Agent": {
        "total": 0.03324268006690545
    },
    "Env": {
        "apply_act": 0.1828550100326538,
        "observation_computation": 0.15586523711681366,
        "powerflow_computation": 0.08514374494552612,
        "total": 0.4238640069961548
    },
    "total": 0.5555171089945361
}