{
    "Agent": {
        "total": 0.04844096100896422
    },
    "Env": {
        "apply_act": 0.3956749439239502,
        "observation_computation": 0.5178309679031372,
        "powerflow_computation": 0.2352912425994873,
        "total": 1.1487971544265747
    },
    "total": 1.5314897330008534
}