{
    "Agent": {
        "total": 0.04370019388443325
    },
    "Env": {
        "apply_act": 0.35661381483078003,
        "observation_computation": 0.3053920865058899,
        "powerflow_computation": 0.16805021464824677,
        "total": 0.8300561308860779
    },
    "total": 1.0688383899978362
}