{
    "Agent": {
        "total": 1.8459941350156441
    },
    "Env": {
        "apply_act": 1.1622967720031738,
        "observation_computation": 1.4521706104278564,
        "powerflow_computation": 0.6699833273887634,
        "total": 3.2844507694244385
    },
    "total": 6.052210249999916
}