{
    "Agent": {
        "total": 0.04923207801039098
    },
    "Env": {
        "apply_act": 0.12613458931446075,
        "observation_computation": 0.15659308433532715,
        "powerflow_computation": 0.07402019947767258,
        "total": 0.3567478656768799
    },
    "total": 0.5057563250011299
}