{
    "Agent": {
        "total": 0.7640046759697725
    },
    "Env": {
        "apply_act": 0.15611125528812408,
        "observation_computation": 0.12640807032585144,
        "powerflow_computation": 0.07009563595056534,
        "total": 0.35261496901512146
    },
    "total": 1.1980571710009826
}