{
    "Agent": {
        "total": 0.023522360979768564
    },
    "Env": {
        "apply_act": 0.13148920238018036,
        "observation_computation": 0.17027193307876587,
        "powerflow_computation": 0.07746254652738571,
        "total": 0.37922367453575134
    },
    "total": 0.5128018750001502
}