{
    "Agent": {
        "total": 0.46495342205889756
    },
    "Env": {
        "apply_act": 0.32399168610572815,
        "observation_computation": 0.40474626421928406,
        "powerflow_computation": 0.18300549685955048,
        "total": 0.9117434024810791
    },
    "total": 1.6315087840011984
}