{
    "Agent": {
        "total": 0.25227144996460993
    },
    "Env": {
        "apply_act": 0.05721094086766243,
        "observation_computation": 0.046341050416231155,
        "powerflow_computation": 0.02623981423676014,
        "total": 0.12979181110858917
    },
    "total": 0.4121080590048223
}