{
    "Agent": {
        "total": 0.019868061041051988
    },
    "Env": {
        "apply_act": 0.18106861412525177,
        "observation_computation": 0.1557045578956604,
        "powerflow_computation": 0.08406650274991989,
        "total": 0.42083966732025146
    },
    "total": 0.5386410109931603
}