{
    "Agent": {
        "total": 0.4917241250514053
    },
    "Env": {
        "apply_act": 0.2551090717315674,
        "observation_computation": 0.2984044551849365,
        "powerflow_computation": 0.1404474973678589,
        "total": 0.6939610242843628
    },
    "total": 1.3759650729989517
}