{
    "Agent": {
        "total": 0.030699844057380687
    },
    "Env": {
        "apply_act": 0.14425517618656158,
        "observation_computation": 0.12346997112035751,
        "powerflow_computation": 0.06749675422906876,
        "total": 0.33522191643714905
    },
    "total": 0.44265902299957816
}