{
    "Agent": {
        "total": 0.12480263699035277
    },
    "Env": {
        "apply_act": 0.2588825225830078,
        "observation_computation": 0.3362622857093811,
        "powerflow_computation": 0.15650677680969238,
        "total": 0.7516515851020813
    },
    "total": 1.0928752060008264
}