{
    "Agent": {
        "total": 0.033276116984779947
    },
    "Env": {
        "apply_act": 0.2693150043487549,
        "observation_computation": 0.2306671440601349,
        "powerflow_computation": 0.12515439093112946,
        "total": 0.6251364946365356
    },
    "total": 0.8040242470015073
}