{
    "Agent": {
        "total": 0.026656300004106015
    },
    "Env": {
        "apply_act": 0.2595823109149933,
        "observation_computation": 0.32559624314308167,
        "powerflow_computation": 0.14840085804462433,
        "total": 0.7335793972015381
    },
    "total": 0.9681278600000951
}