{
    "Agent": {
        "total": 0.1879232060036884
    },
    "Env": {
        "apply_act": 0.264654278755188,
        "observation_computation": 0.34456416964530945,
        "powerflow_computation": 0.15819302201271057,
        "total": 0.767411470413208
    },
    "total": 1.1713711619995593
}