{
    "Agent": {
        "total": 0.054088778982986696
    },
    "Env": {
        "apply_act": 0.12486129999160767,
        "observation_computation": 0.1561666876077652,
        "powerflow_computation": 0.07310297340154648,
        "total": 0.35413098335266113
    },
    "total": 0.508510474999639
}