{
    "Agent": {
        "total": 0.13488360606424976
    },
    "Env": {
        "apply_act": 1.0980690717697144,
        "observation_computation": 1.9565513134002686,
        "powerflow_computation": 0.6529687643051147,
        "total": 3.7075891494750977
    },
    "total": 4.776660628000172
}