{
    "Agent": {
        "total": 0.6321574109497305
    },
    "Env": {
        "apply_act": 0.4140036404132843,
        "observation_computation": 0.5123850107192993,
        "powerflow_computation": 0.2382747232913971,
        "total": 1.164663314819336
    },
    "total": 2.1222622740006045
}