{
    "Agent": {
        "total": 0.20691439903021092
    },
    "Env": {
        "apply_act": 0.10309361666440964,
        "observation_computation": 0.13102786242961884,
        "powerflow_computation": 0.060187604278326035,
        "total": 0.2943090796470642
    },
    "total": 0.5838998939980229
}