{
    "Agent": {
        "total": 0.0672488070667896
    },
    "Env": {
        "apply_act": 0.26014912128448486,
        "observation_computation": 0.33641648292541504,
        "powerflow_computation": 0.15454840660095215,
        "total": 0.751114010810852
    },
    "total": 1.0307349700015038
}