{
    "Agent": {
        "total": 0.05851652901947091
    },
    "Env": {
        "apply_act": 0.12215207517147064,
        "observation_computation": 0.15496529638767242,
        "powerflow_computation": 0.07282093912363052,
        "total": 0.3499383330345154
    },
    "total": 0.5080204750011035
}