{
    "Agent": {
        "total": 0.018335270979150664
    },
    "Env": {
        "apply_act": 0.18327713012695312,
        "observation_computation": 0.16045577824115753,
        "powerflow_computation": 0.08599390834569931,
        "total": 0.42972683906555176
    },
    "total": 0.5476810359978117
}