{
    "Agent": {
        "total": 0.014833642861049157
    },
    "Env": {
        "apply_act": 0.12807825207710266,
        "observation_computation": 0.10979507863521576,
        "powerflow_computation": 0.059290461242198944,
        "total": 0.29716378450393677
    },
    "total": 0.3812954489985714
}